权重方案,随机种子,算子类型,算子,最终权重,总使用次数,总得分
完工时间优先,20260901,破坏,critical_deadline,0.7386246664049175,131,89.40000000000008
完工时间优先,20260901,破坏,high_energy,0.2281474976710657,68,13.599999999999984
完工时间优先,20260901,破坏,random_box,0.8992973767150814,135,106.40000000000012
完工时间优先,20260901,破坏,related,0.6322937548156757,128,84.40000000000015
完工时间优先,20260901,破坏,resource_bottleneck,0.30090603253221676,78,23.39999999999996
完工时间优先,20260901,破坏,route_segment,0.682742951409282,159,104.40000000000016
完工时间优先,20260901,破坏,whole_trip,0.22915276544503232,65,13.799999999999985
完工时间优先,20260901,修复,deadline_first,0.23002888423414905,96,20.799999999999958
完工时间优先,20260901,修复,energy_margin,0.23633949767106568,94,19.599999999999966
完工时间优先,20260901,修复,greedy,0.7654783543389442,179,143.80000000000007
完工时间优先,20260901,修复,model_reselect,0.2281474976710657,75,14.999999999999979
完工时间优先,20260901,修复,regret2,0.7101177494462376,171,132.80000000000018
完工时间优先,20260901,修复,regret3,0.765635723117889,149,103.40000000000009
完工时间优先,20260902,破坏,critical_deadline,0.8162357231746035,58,42.000000000000014
完工时间优先,20260902,破坏,high_energy,0.3677721600000001,46,9.2
完工时间优先,20260902,破坏,random_box,0.8117845802197805,83,68.40000000000006
完工时间优先,20260902,破坏,related,0.6026286730158732,52,30.999999999999975
完工时间优先,20260902,破坏,resource_bottleneck,0.5956880955844157,54,33.199999999999974
完工时间优先,20260902,破坏,route_segment,0.5880456939682541,45,19.999999999999993
完工时间优先,20260902,破坏,whole_trip,0.3677721600000001,46,9.2
完工时间优先,20260902,修复,deadline_first,0.3750539377777779,53,11.399999999999991
完工时间优先,20260902,修复,energy_margin,0.3808793600000001,40,8.8
完工时间优先,20260902,修复,greedy,0.9181602973737375,106,103.6000000000001
完工时间优先,20260902,修复,model_reselect,0.40971520000000017,51,10.199999999999996
完工时间优先,20260902,修复,regret2,0.7488391439316242,76,51.40000000000005
完工时间优先,20260902,修复,regret3,0.5961914514285716,58,27.599999999999984
完工时间优先,20260903,破坏,critical_deadline,0.8434161532051243,120,94.40000000000003
完工时间优先,20260903,破坏,high_energy,0.2351843720888321,89,17.79999999999997
完工时间优先,20260903,破坏,random_box,0.730768642402414,155,122.40000000000012
完工时间优先,20260903,破坏,related,0.7629974805704676,145,111.60000000000014
完工时间优先,20260903,破坏,resource_bottleneck,0.2439804651110401,57,11.399999999999991
完工时间优先,20260903,破坏,route_segment,0.5057147350751187,102,53.00000000000007
完工时间优先,20260903,破坏,whole_trip,0.26073083756544013,59,19.599999999999966
完工时间优先,20260903,修复,deadline_first,0.23733185573683205,97,20.199999999999964
完工时间优先,20260903,修复,energy_margin,0.2351843720888321,62,12.399999999999988
完工时间优先,20260903,修复,greedy,0.7518626514131976,163,121.60000000000015
完工时间优先,20260903,修复,model_reselect,0.2351843720888321,87,17.39999999999997
完工时间优先,20260903,修复,regret2,0.8115305717405357,151,122.60000000000015
完工时间优先,20260903,修复,regret3,0.7704576866551055,167,136.0000000000001
完工时间优先,20260904,破坏,critical_deadline,0.7106111722943725,65,38.599999999999994
完工时间优先,20260904,破坏,high_energy,0.3677721600000001,44,8.8
完工时间优先,20260904,破坏,random_box,0.6780533434920637,50,29.79999999999999
完工时间优先,20260904,破坏,related,0.7649840484848488,61,39.4
完工时间优先,20260904,破坏,resource_bottleneck,0.6759664640000002,47,13.999999999999995
完工时间优先,20260904,破坏,route_segment,0.7049867377777781,43,22.799999999999994
完工时间优先,20260904,破坏,whole_trip,0.3677721600000001,40,8.000000000000004
完工时间优先,20260904,修复,deadline_first,0.3677721600000001,52,10.399999999999995
完工时间优先,20260904,修复,energy_margin,0.3677721600000001,54,10.799999999999994
完工时间优先,20260904,修复,greedy,0.7255420471794874,51,32.19999999999998
完工时间优先,20260904,修复,model_reselect,0.3677721600000001,62,12.399999999999988
完工时间优先,20260904,修复,regret2,0.8241327773026975,69,55.60000000000003
完工时间优先,20260904,修复,regret3,0.7283452342857145,62,40.000000000000014
完工时间优先,20260905,破坏,critical_deadline,0.7982331214261071,167,127.80000000000008
完工时间优先,20260905,破坏,high_energy,0.21152921504606856,91,18.199999999999967
完工时间优先,20260905,破坏,random_box,0.8491843995835071,212,176.2
完工时间优先,20260905,破坏,related,0.6044951080598486,170,113.60000000000016
完工时间优先,20260905,破坏,resource_bottleneck,0.21234129269316268,81,17.79999999999997
完工时间优先,20260905,破坏,route_segment,0.44508033175742284,144,88.00000000000018
完工时间优先,20260905,破坏,whole_trip,0.26751025953525565,99,28.19999999999995
完工时间优先,20260905,修复,deadline_first,0.21380313075078106,86,18.79999999999997
完工时间优先,20260905,修复,energy_margin,0.21373879361324719,104,22.399999999999956
完工时间优先,20260905,修复,greedy,0.7278839694909081,235,183.79999999999978
完工时间优先,20260905,修复,model_reselect,0.21152921504606856,100,19.99999999999996
完工时间优先,20260905,修复,regret2,0.6728979407729289,209,147.0
完工时间优先,20260905,修复,regret3,0.8018100270554036,230,177.79999999999984
完工时间优先,20260906,破坏,critical_deadline,0.7985336624276276,226,170.7999999999999
完工时间优先,20260906,破坏,high_energy,0.2037778931862958,99,19.79999999999996
完工时间优先,20260906,破坏,random_box,0.7692789974160165,222,174.5999999999999
完工时间优先,20260906,破坏,related,0.715433792164094,226,163.9999999999998
完工时间优先,20260906,破坏,resource_bottleneck,0.30281394538833867,155,67.00000000000028
完工时间优先,20260906,破坏,route_segment,0.8578816754558329,173,109.40000000000018
完工时间优先,20260906,破坏,whole_trip,0.20547780457350737,99,22.199999999999953
完工时间优先,20260906,修复,deadline_first,0.2050664692088601,122,25.99999999999994
完工时间优先,20260906,修复,energy_margin,0.2047792878645829,119,27.599999999999934
完工时间优先,20260906,修复,greedy,0.9213473821508441,270,205.3999999999997
完工时间优先,20260906,修复,model_reselect,0.2037778931862958,119,23.799999999999947
完工时间优先,20260906,修复,regret2,0.7706172511301329,304,244.59999999999948
完工时间优先,20260906,修复,regret3,0.762566759864504,266,200.39999999999986
完工时间优先,20260907,破坏,critical_deadline,0.6915848533333335,47,27.79999999999999
完工时间优先,20260907,破坏,high_energy,0.3677721600000001,46,9.2
完工时间优先,20260907,破坏,random_box,0.9115488355555558,52,45.400000000000006
完工时间优先,20260907,破坏,related,0.8471705932467535,64,49.400000000000006
完工时间优先,20260907,破坏,resource_bottleneck,0.4685849600000002,41,17.399999999999988
完工时间优先,20260907,破坏,route_segment,0.7865077394285717,51,34.39999999999999
完工时间优先,20260907,破坏,whole_trip,0.4132104533333334,50,17.799999999999965
完工时间优先,20260907,修复,deadline_first,0.3841561600000001,57,12.199999999999989
完工时间优先,20260907,修复,energy_margin,0.3934248228571431,35,9.399999999999997
完工时间优先,20260907,修复,greedy,0.7661876133466535,85,60.80000000000007
完工时间优先,20260907,修复,model_reselect,0.3677721600000001,46,9.2
完工时间优先,20260907,修复,regret2,0.7558250057142861,56,35.599999999999994
完工时间优先,20260907,修复,regret3,1.0578156241269845,72,74.20000000000005
完工时间优先,20260908,破坏,critical_deadline,0.8375529877153376,192,142.20000000000005
完工时间优先,20260908,破坏,high_energy,0.2073786976294839,97,19.399999999999963
完工时间优先,20260908,破坏,random_box,0.8179140280693411,193,144.4000000000001
完工时间优先,20260908,破坏,related,0.5566523883645366,182,103.80000000000021
完工时间优先,20260908,破坏,resource_bottleneck,0.2108522167935122,113,30.99999999999994
完工时间优先,20260908,破坏,route_segment,0.5660893812323009,187,114.80000000000021
完工时间优先,20260908,破坏,whole_trip,0.2275516045900576,104,29.399999999999956
完工时间优先,20260908,修复,deadline_first,0.208067247972513,132,27.999999999999936
完工时间优先,20260908,修复,energy_margin,0.20752059566082012,105,21.799999999999958
完工时间优先,20260908,修复,greedy,0.7049986558382977,243,172.3999999999999
完工时间优先,20260908,修复,model_reselect,0.2073786976294839,102,20.39999999999996
完工时间优先,20260908,修复,regret2,0.8457733302193371,217,153.40000000000003
完工时间优先,20260908,修复,regret3,0.6857991145598475,269,188.99999999999974
均衡,20360904,破坏,critical_deadline,0.772162884351897,112,79.00000000000004
均衡,20360904,破坏,high_energy,0.2351843720888321,82,16.399999999999974
均衡,20360904,破坏,random_box,0.7987885758203586,162,132.6000000000001
均衡,20360904,破坏,related,0.545465442116329,106,69.0000000000001
均衡,20360904,破坏,resource_bottleneck,0.4691606189459751,111,42.40000000000006
均衡,20360904,破坏,route_segment,0.5175741717047058,101,50.40000000000005
均衡,20360904,破坏,whole_trip,0.23763863911511784,67,14.199999999999982
均衡,20360904,修复,deadline_first,0.2466887487745464,81,17.799999999999972
均衡,20360904,修复,energy_margin,0.23616171575796627,92,19.199999999999967
均衡,20360904,修复,greedy,0.8276859738039228,158,122.40000000000013
均衡,20360904,修复,model_reselect,0.2351843720888321,91,18.199999999999967
均衡,20360904,修复,regret2,0.7221508044256424,126,92.20000000000009
均衡,20360904,修复,regret3,0.6659735770582045,193,134.2000000000001
均衡,20360905,破坏,critical_deadline,0.7827185243319312,118,87.40000000000005
均衡,20360905,破坏,high_energy,0.2351843720888321,74,14.79999999999998
均衡,20360905,破坏,random_box,0.7732370380108532,147,112.00000000000013
均衡,20360905,破坏,related,0.6833712981397113,119,82.4000000000001
均衡,20360905,破坏,resource_bottleneck,0.2378231999954945,76,17.59999999999997
均衡,20360905,破坏,route_segment,0.5011946043777205,126,72.60000000000021
均衡,20360905,破坏,whole_trip,0.2790482988938972,63,14.199999999999985
均衡,20360905,修复,deadline_first,0.23738339534438407,90,18.799999999999965
均衡,20360905,修复,energy_margin,0.2351843720888321,69,13.799999999999983
均衡,20360905,修复,greedy,0.7032422163543798,177,131.00000000000017
均衡,20360905,修复,model_reselect,0.2351843720888321,81,16.199999999999974
均衡,20360905,修复,regret2,0.6341017933827052,142,92.8000000000001
均衡,20360905,修复,regret3,0.7850351232968468,164,128.40000000000018
均衡,20360906,破坏,critical_deadline,0.7476358834843666,82,58.800000000000026
均衡,20360906,破坏,high_energy,0.2687194767360001,49,9.799999999999997
均衡,20360906,破坏,random_box,0.7385750537752384,107,80.6000000000001
均衡,20360906,破坏,related,0.6333264143116193,93,55.80000000000007
均衡,20360906,破坏,resource_bottleneck,0.30035651262171437,79,21.19999999999996
均衡,20360906,破坏,route_segment,0.6030214324507708,88,57.00000000000007
均衡,20360906,破坏,whole_trip,0.2687194767360001,64,12.799999999999986
均衡,20360906,修复,deadline_first,0.27004100513476925,82,17.199999999999974
均衡,20360906,修复,energy_margin,0.2687194767360001,75,14.999999999999979
均衡,20360906,修复,greedy,0.7599071658448375,127,90.00000000000007
均衡,20360906,修复,model_reselect,0.2687194767360001,64,12.799999999999986
均衡,20360906,修复,regret2,0.7322910512008315,96,74.80000000000004
均衡,20360906,修复,regret3,0.6805940061210258,118,86.2000000000001
均衡,20360907,破坏,critical_deadline,0.8658282087881337,232,183.6
均衡,20360907,破坏,high_energy,0.20472236648286973,84,16.799999999999972
均衡,20360907,破坏,random_box,1.1170599969076913,251,230.5999999999999
均衡,20360907,破坏,related,0.6555953536682082,200,128.20000000000022
均衡,20360907,破坏,resource_bottleneck,0.21346156261168756,116,38.00000000000004
均衡,20360907,破坏,route_segment,0.6768703814679078,199,133.00000000000017
均衡,20360907,破坏,whole_trip,0.20763742369622226,118,32.19999999999994
均衡,20360907,修复,deadline_first,0.2037778931862958,119,23.799999999999947
均衡,20360907,修复,energy_margin,0.20390965564396515,133,27.399999999999935
均衡,20360907,修复,greedy,0.907608976160382,265,219.99999999999977
均衡,20360907,修复,model_reselect,0.2037778931862958,114,22.79999999999995
均衡,20360907,修复,regret2,0.8369862956238735,280,218.9999999999998
均衡,20360907,修复,regret3,0.8524373674748367,289,249.39999999999952
均衡,20360908,破坏,critical_deadline,0.8429334896874964,240,186.39999999999992
均衡,20360908,破坏,high_energy,0.2037778931862958,88,17.59999999999997
均衡,20360908,破坏,random_box,0.9249552715017498,278,238.19999999999953
均衡,20360908,破坏,related,0.6227046280086566,217,146.40000000000003
均衡,20360908,破坏,resource_bottleneck,0.20634989636000162,107,30.799999999999933
均衡,20360908,破坏,route_segment,0.4875980417056895,174,90.20000000000022
均衡,20360908,破坏,whole_trip,0.258055699816203,96,19.999999999999964
均衡,20360908,修复,deadline_first,0.2049529507837911,112,23.19999999999995
均衡,20360908,修复,energy_margin,0.2037778931862958,103,20.59999999999996
均衡,20360908,修复,greedy,0.7030612696483629,278,206.7999999999997
均衡,20360908,修复,model_reselect,0.2037778931862958,129,25.79999999999994
均衡,20360908,修复,regret2,0.8289604789237317,296,236.59999999999957
均衡,20360908,修复,regret3,0.8238362430218109,282,216.59999999999965
均衡,20360909,破坏,critical_deadline,0.7954119279608113,146,113.20000000000007
均衡,20360909,破坏,high_energy,0.2281474976710657,61,12.199999999999989
均衡,20360909,破坏,random_box,0.9227291531938343,199,193.79999999999973
均衡,20360909,破坏,related,0.6696033376030799,130,86.00000000000011
均衡,20360909,破坏,resource_bottleneck,0.2585964313770286,72,16.79999999999998
均衡,20360909,破坏,route_segment,0.5891841896808716,143,77.8000000000001
均衡,20360909,破坏,whole_trip,0.23842942031276723,88,22.199999999999957
均衡,20360909,修复,deadline_first,0.22251799813685258,85,16.99999999999997
均衡,20360909,修复,energy_margin,0.22251799813685258,82,16.399999999999974
均衡,20360909,修复,greedy,0.8581288251586912,207,192.99999999999974
均衡,20360909,修复,model_reselect,0.22251799813685258,91,18.199999999999967
均衡,20360909,修复,regret2,0.7229225587385781,182,139.6
均衡,20360909,修复,regret3,0.7148796933936743,192,137.80000000000013
均衡,20360910,破坏,critical_deadline,0.7835668865962825,155,115.80000000000007
均衡,20360910,破坏,high_energy,0.2144115188075857,68,13.599999999999984
均衡,20360910,破坏,random_box,0.7636174303181765,181,143.0
均衡,20360910,破坏,related,0.6894950425333803,155,109.60000000000012
均衡,20360910,破坏,resource_bottleneck,0.29973580709773906,121,69.40000000000022
均衡,20360910,破坏,route_segment,0.5073716803818474,163,89.20000000000017
均衡,20360910,破坏,whole_trip,0.22635279036542397,71,14.999999999999982
均衡,20360910,修复,deadline_first,0.2144115188075857,94,18.799999999999965
均衡,20360910,修复,energy_margin,0.21635377433438277,93,20.199999999999964
均衡,20360910,修复,greedy,0.827230152750592,239,204.99999999999972
均衡,20360910,修复,model_reselect,0.2144115188075857,91,18.199999999999967
均衡,20360910,修复,regret2,0.6286782691208965,199,145.99999999999983
均衡,20360910,修复,regret3,0.7271392219795368,198,147.39999999999998
均衡,20360911,破坏,critical_deadline,0.7657753703434347,89,64.20000000000003
均衡,20360911,破坏,high_energy,0.33421772800000016,49,9.799999999999997
均衡,20360911,破坏,random_box,0.7220560789610392,67,41.40000000000001
均衡,20360911,破坏,related,0.6305677750857146,68,42.000000000000014
均衡,20360911,破坏,resource_bottleneck,0.3426063360000001,49,11.399999999999991
均衡,20360911,破坏,route_segment,0.5466064457142858,65,34.39999999999999
均衡,20360911,破坏,whole_trip,0.3926383908571429,60,19.799999999999965
均衡,20360911,修复,deadline_first,0.3342177280000001,57,11.399999999999991
均衡,20360911,修复,energy_margin,0.33421772800000016,55,10.999999999999993
均衡,20360911,修复,greedy,0.7473978545543348,94,68.80000000000005
均衡,20360911,修复,model_reselect,0.3342177280000001,60,11.99999999999999
均衡,20360911,修复,regret2,0.6258901342199136,80,40.800000000000026
均衡,20360911,修复,regret3,0.8223543794871797,101,79.00000000000011
资源节约,20460907,破坏,critical_deadline,0.8875345232900435,68,60.20000000000002
资源节约,20460907,破坏,high_energy,0.3677721600000001,55,10.999999999999993
资源节约,20460907,破坏,random_box,0.7935256177777781,67,51.80000000000003
资源节约,20460907,破坏,related,0.743436910822511,62,41.40000000000001
资源节约,20460907,破坏,resource_bottleneck,0.4921325714285716,53,23.19999999999997
资源节约,20460907,破坏,route_segment,0.6777216975238097,46,28.79999999999998
资源节约,20460907,破坏,whole_trip,0.4974788266666669,41,11.999999999999986
资源节约,20460907,修复,deadline_first,0.4021610057142858,56,13.599999999999987
资源节约,20460907,修复,energy_margin,0.3677721600000001,53,10.599999999999994
资源节约,20460907,修复,greedy,0.9596220250505052,94,89.40000000000009
资源节约,20460907,修复,model_reselect,0.3677721600000001,39,7.800000000000004
资源节约,20460907,修复,regret2,0.802670803756244,82,63.40000000000006
资源节约,20460907,修复,regret3,0.7498141988571432,68,43.60000000000002
资源节约,20460908,破坏,critical_deadline,0.7425253912380956,68,46.40000000000001
资源节约,20460908,破坏,high_energy,0.3342177280000001,51,10.199999999999996
资源节约,20460908,破坏,random_box,0.7585616660317464,56,43.60000000000001
资源节约,20460908,破坏,related,0.7236875470607931,81,51.60000000000003
资源节约,20460908,破坏,resource_bottleneck,0.3857477485714288,55,19.599999999999966
资源节约,20460908,破坏,route_segment,0.5516042240000003,65,33.39999999999998
资源节约,20460908,破坏,whole_trip,0.3342177280000001,42,8.400000000000002
资源节约,20460908,修复,deadline_first,0.3342177280000001,62,12.399999999999988
资源节约,20460908,修复,energy_margin,0.3342177280000001,47,9.399999999999999
资源节约,20460908,修复,greedy,0.7392556122135645,77,55.60000000000002
资源节约,20460908,修复,model_reselect,0.33421772800000016,63,12.599999999999987
资源节约,20460908,修复,regret2,0.7443410970256412,82,60.800000000000054
资源节约,20460908,修复,regret3,0.6845728820512823,87,62.40000000000009
资源节约,20460909,破坏,critical_deadline,0.703301533737374,73,43.4
资源节约,20460909,破坏,high_energy,0.3677721600000001,38,7.600000000000004
资源节约,20460909,破坏,random_box,0.8266898064069267,65,46.79999999999998
资源节约,20460909,破坏,related,0.5032964632380954,43,17.39999999999999
资源节约,20460909,破坏,resource_bottleneck,0.3770928355555557,43,10.199999999999996
资源节约,20460909,破坏,route_segment,0.6501097963369965,54,35.00000000000001
资源节约,20460909,破坏,whole_trip,0.3677721600000001,37,7.400000000000004
资源节约,20460909,修复,deadline_first,0.3677721600000001,44,8.8
资源节约,20460909,修复,energy_margin,0.3677721600000001,44,8.8
资源节约,20460909,修复,greedy,0.7255473907070709,69,40.800000000000004
资源节约,20460909,修复,model_reselect,0.3677721600000001,58,11.59999999999999
资源节约,20460909,修复,regret2,0.682800750822511,69,41.600000000000016
资源节约,20460909,修复,regret3,0.7786738535064937,69,56.20000000000003
资源节约,20460910,破坏,critical_deadline,0.7992970602020205,75,54.20000000000001
资源节约,20460910,破坏,high_energy,0.4095841280000002,50,14.599999999999977
资源节约,20460910,破坏,random_box,0.9011412029321791,72,71.60000000000004
资源节约,20460910,破坏,related,0.8822591881221005,70,66.60000000000008
资源节约,20460910,破坏,resource_bottleneck,0.43255586133333357,47,13.399999999999993
资源节约,20460910,破坏,route_segment,0.545647802920635,53,25.59999999999998
资源节约,20460910,破坏,whole_trip,0.34732492800000014,43,9.399999999999999
资源节约,20460910,修复,deadline_first,0.37421772800000014,43,9.400000000000002
资源节约,20460910,修复,energy_margin,0.34732492800000014,51,11.79999999999999
资源节约,20460910,修复,greedy,0.9146209466977467,90,91.6000000000001
资源节约,20460910,修复,model_reselect,0.3342177280000001,49,9.799999999999997
资源节约,20460910,修复,regret2,0.7902549558388279,80,57.20000000000004
资源节约,20460910,修复,regret3,0.8286311565706425,97,75.60000000000008
资源节约,20460911,破坏,critical_deadline,0.8085635455843715,85,65.60000000000004
资源节约,20460911,破坏,high_energy,0.30737418240000014,64,12.799999999999986
资源节约,20460911,破坏,random_box,0.5253513324776559,70,33.199999999999974
资源节约,20460911,破坏,related,0.5422980713650796,67,29.399999999999977
资源节约,20460911,破坏,resource_bottleneck,0.4328089746285716,55,15.59999999999999
资源节约,20460911,破坏,route_segment,0.6621258280634923,69,47.40000000000006
资源节约,20460911,破坏,whole_trip,0.3286253226666668,44,12.599999999999985
资源节约,20460911,修复,deadline_first,0.33442744320000006,70,22.59999999999995
资源节约,20460911,修复,energy_margin,0.3098145047272728,66,13.999999999999982
资源节约,20460911,修复,greedy,0.6506249849904763,73,40.8
资源节约,20460911,修复,model_reselect,0.30737418240000014,60,11.99999999999999
资源节约,20460911,修复,regret2,0.6464443232415585,91,53.20000000000005
资源节约,20460911,修复,regret3,0.7706274150529295,94,74.00000000000007
资源节约,20460912,破坏,critical_deadline,0.7484431757837129,104,72.00000000000004
资源节约,20460912,破坏,high_energy,0.26772626554880014,52,14.199999999999978
资源节约,20460912,破坏,random_box,0.7845395423589362,111,87.20000000000009
资源节约,20460912,破坏,related,0.5782442072594177,94,55.60000000000008
资源节约,20460912,破坏,resource_bottleneck,0.46732944875259946,91,44.400000000000055
资源节约,20460912,破坏,route_segment,0.614190432200441,97,59.000000000000064
资源节约,20460912,破坏,whole_trip,0.25802598429789103,57,12.199999999999989
资源节约,20460912,修复,deadline_first,0.2574298484150858,80,16.799999999999972
资源节约,20460912,修复,energy_margin,0.2905852223488,73,16.99999999999998
资源节约,20460912,修复,greedy,0.7588702299211094,132,98.4000000000001
资源节约,20460912,修复,model_reselect,0.2549755813888001,74,14.79999999999998
资源节约,20460912,修复,regret2,0.8052665049182572,137,112.60000000000012
资源节约,20460912,修复,regret3,0.8481428838355674,110,85.00000000000007
资源节约,20460913,破坏,critical_deadline,0.8065865321412633,200,151.99999999999997
资源节约,20460913,破坏,high_energy,0.21152921504606856,81,16.199999999999974
资源节约,20460913,破坏,random_box,0.7673811703290847,198,144.80000000000007
资源节约,20460913,破坏,related,0.5424350705068604,201,130.20000000000022
资源节约,20460913,破坏,resource_bottleneck,0.21711912311427176,108,30.99999999999995
资源节约,20460913,破坏,route_segment,0.451680233112456,145,68.00000000000011
资源节约,20460913,破坏,whole_trip,0.2116563713667976,82,17.99999999999997
资源节约,20460913,修复,deadline_first,0.20922337203685487,113,22.59999999999995
资源节约,20460913,修复,energy_margin,0.21152921504606856,109,21.799999999999955
资源节约,20460913,修复,greedy,0.6534539332539665,246,161.39999999999992
资源节约,20460913,修复,model_reselect,0.20922337203685487,101,20.19999999999996
资源节约,20460913,修复,regret2,0.7404141322524285,223,167.6
资源节约,20460913,修复,regret3,0.7555964659577343,223,166.5999999999999
资源节约,20460914,破坏,critical_deadline,0.766517967705255,83,56.599999999999994
资源节约,20460914,破坏,high_energy,0.30737418240000014,48,9.599999999999998
资源节约,20460914,破坏,random_box,0.7559436020311923,78,54.800000000000026
资源节约,20460914,破坏,related,0.7156138543432038,74,51.60000000000002
资源节约,20460914,破坏,resource_bottleneck,0.9159321953745456,64,47.0
资源节约,20460914,破坏,route_segment,0.5774822665746701,92,77.00000000000013
资源节约,20460914,破坏,whole_trip,0.3068708659200001,62,13.999999999999982
资源节约,20460914,修复,deadline_first,0.2906715318044445,56,12.799999999999986
资源节约,20460914,修复,energy_margin,0.2858993459200001,48,9.599999999999998
资源节约,20460914,修复,greedy,0.7499780900237936,125,95.00000000000011
资源节约,20460914,修复,model_reselect,0.2858993459200001,58,11.59999999999999
资源节约,20460914,修复,regret2,0.7615244948502167,107,80.60000000000008
资源节约,20460914,修复,regret3,0.9355265044686871,107,101.00000000000007
